Age,Gender,Education_Level,Years_Experience,Job_Title,Job_Level,Industry,City,Company_Size,Work_Mode,Certifications_Count,Skills_Count,Salary_INR
49,Male,Bachelor's,25,Software Engineer,Senior,E-commerce,Bangalore,Mid-size,Hybrid,3,11,1710000
35,Male,Bachelor's,14,Sales Executive,Mid,IT,Delhi,Startup,Remote,1,3,724000
28,Female,Bachelor's,7,UI/UX Designer,Junior,E-commerce,Bangalore,Mid-size,Remote,5,3,530000
41,Male,Master's,19,DevOps Engineer,Junior,Manufacturing,Chennai,Mid-size,On-site,4,13,1030000
39,Male,Bachelor's,15,Data Analyst,Lead,Manufacturing,Delhi,Startup,Hybrid,2,9,1213000
43,Male,Bachelor's,22,Data Analyst,Junior,IT,Hyderabad,Mid-size,Hybrid,3,2,887000
31,Male,Bachelor's,8,Product Manager,Mid,EdTech,Remote,Mid-size,On-site,3,8,625000
31,Female,Bachelor's,8,Data Scientist,Junior,Finance,Hyderabad,Mid-size,On-site,5,6,505000
44,Male,Bachelor's,23,Product Manager,Mid,Finance,Chennai,Enterprise,Hybrid,1,12,1320000
56,Male,High School,35,Marketing Manager,Junior,E-commerce,Bangalore,Startup,Hybrid,0,9,750000
44,Male,Bachelor's,20,Software Engineer,Mid,E-commerce,Hyderabad,Mid-size,Hybrid,2,2,982000
23,Male,Bachelor's,0,Sales Executive,Junior,EdTech,Bangalore,Mid-size,On-site,3,12,315000
42,Male,High School,20,Data Scientist,Lead,E-commerce,Hyderabad,Mid-size,Hybrid,1,8,1215000
22,Female,PhD,0,UI/UX Designer,Junior,Finance,Hyderabad,Mid-size,Hybrid,4,6,567000
44,Female,Bachelor's,21,Marketing Manager,Mid,Healthcare,Bangalore,Mid-size,Hybrid,3,5,1081000
50,Female,Master's,27,UI/UX Designer,Lead,Manufacturing,Pune,Enterprise,Remote,1,8,3141000
22,Male,Bachelor's,1,Data Analyst,Senior,Healthcare,Hyderabad,Mid-size,Hybrid,0,11,635000
41,Female,Master's,17,Data Analyst,Mid,Healthcare,Delhi,Mid-size,Remote,0,3,1148000
53,Male,Master's,31,Product Manager,Mid,Finance,Remote,Enterprise,On-site,3,13,1904000
32,Male,Bachelor's,9,Software Engineer,Mid,Healthcare,Chennai,Mid-size,Hybrid,3,2,584000
42,Female,Bachelor's,19,Data Scientist,Senior,EdTech,Pune,Startup,On-site,5,2,1120000
45,Male,Bachelor's,23,Business Analyst,Manager,IT,Bangalore,Startup,Hybrid,2,12,2228000
47,Male,Bachelor's,25,Marketing Manager,Senior,E-commerce,Pune,Startup,Hybrid,1,13,1305000
48,Female,PhD,25,Marketing Manager,Senior,IT,Mumbai,Enterprise,Remote,3,2,3452000
36,Male,Master's,13,Product Manager,Senior,Manufacturing,Mumbai,Enterprise,On-site,2,13,1831000
35,Male,PhD,13,Data Analyst,Mid,E-commerce,Hyderabad,Enterprise,Hybrid,5,6,1347000
23,Male,Bachelor's,0,Product Manager,Junior,Healthcare,Hyderabad,Mid-size,Hybrid,2,11,348000
57,Female,Master's,35,Sales Executive,Senior,Manufacturing,Delhi,Mid-size,On-site,3,8,2494000
27,Female,PhD,6,Data Scientist,Manager,E-commerce,Remote,Startup,On-site,0,3,1474000
41,Female,Bachelor's,19,Software Engineer,Junior,EdTech,Chennai,Mid-size,On-site,1,11,681000
29,Male,High School,5,DevOps Engineer,Senior,EdTech,Pune,Mid-size,On-site,1,9,549000
38,Male,Master's,16,HR Executive,Junior,EdTech,Mumbai,Enterprise,On-site,0,5,1293000
24,Male,Bachelor's,2,HR Executive,Mid,EdTech,Hyderabad,Startup,On-site,3,13,452000
45,Male,Master's,21,Product Manager,Junior,Healthcare,Chennai,Mid-size,On-site,1,4,936000
34,Male,Bachelor's,10,Sales Executive,Mid,IT,Pune,Mid-size,Hybrid,3,11,675000
29,Male,Master's,5,Data Scientist,Senior,E-commerce,Hyderabad,Mid-size,Hybrid,5,12,957000
46,Male,Bachelor's,25,Business Analyst,Mid,Healthcare,Hyderabad,Mid-size,Remote,3,9,879000
22,Female,Bachelor's,0,HR Executive,Senior,EdTech,Mumbai,Enterprise,Hybrid,2,3,716000
40,Male,Bachelor's,19,Data Scientist,Senior,IT,Mumbai,Startup,Remote,0,12,911000
48,Male,Master's,25,Software Engineer,Manager,Manufacturing,Hyderabad,Enterprise,Remote,3,12,4116000
27,Male,Master's,6,UI/UX Designer,Junior,Manufacturing,Bangalore,Mid-size,Hybrid,5,14,706000
28,Female,Bachelor's,5,Sales Executive,Mid,Manufacturing,Hyderabad,Enterprise,Hybrid,4,4,606000
55,Female,Bachelor's,34,Data Analyst,Junior,EdTech,Chennai,Enterprise,Remote,0,13,1215000
34,Female,Master's,10,Data Scientist,Manager,Manufacturing,Hyderabad,Mid-size,On-site,1,4,1718000
37,Female,Bachelor's,15,Software Engineer,Manager,Finance,Delhi,Startup,On-site,2,11,1620000
56,Male,Master's,35,Business Analyst,Mid,E-commerce,Remote,Enterprise,Hybrid,1,12,2012000
24,Male,Bachelor's,1,DevOps Engineer,Lead,E-commerce,Delhi,Mid-size,Hybrid,5,2,760000
22,Male,Bachelor's,0,Data Analyst,Mid,EdTech,Delhi,Enterprise,On-site,5,7,543000
26,Male,Bachelor's,5,DevOps Engineer,Senior,Finance,Bangalore,Startup,Remote,1,3,691000
24,Male,Bachelor's,3,Business Analyst,Junior,Healthcare,Bangalore,Mid-size,Hybrid,0,2,359000
49,Male,Master's,25,Software Engineer,Senior,Healthcare,Hyderabad,Enterprise,Hybrid,1,3,2286000
38,Female,Bachelor's,17,HR Executive,Junior,Manufacturing,Delhi,Enterprise,Remote,3,13,813000
46,Female,Bachelor's,24,DevOps Engineer,Lead,IT,Bangalore,Mid-size,Hybrid,1,7,2094000
54,Female,Master's,33,Data Analyst,Senior,Healthcare,Mumbai,Enterprise,Remote,2,5,2848000
30,Female,Bachelor's,8,Product Manager,Senior,IT,Hyderabad,Mid-size,Hybrid,2,7,764000
56,Female,Bachelor's,34,Marketing Manager,Junior,E-commerce,Chennai,Startup,On-site,4,13,826000
34,Male,PhD,10,Data Scientist,Mid,IT,Remote,Mid-size,Remote,2,10,923000
51,Male,Master's,30,HR Executive,Mid,E-commerce,Pune,Mid-size,Hybrid,1,14,1680000
35,Female,Bachelor's,11,DevOps Engineer,Mid,Finance,Hyderabad,Enterprise,Remote,2,11,909000
28,Female,PhD,7,UI/UX Designer,Junior,Finance,Pune,Mid-size,Remote,0,13,697000
34,Male,Master's,13,Data Scientist,Manager,EdTech,Delhi,Startup,Remote,2,11,2156000
43,Female,Bachelor's,20,Product Manager,Senior,EdTech,Remote,Startup,Hybrid,3,9,1041000
41,Male,Bachelor's,20,Business Analyst,Mid,Manufacturing,Pune,Mid-size,Remote,0,2,802000
36,Male,Master's,12,Marketing Manager,Mid,Healthcare,Delhi,Mid-size,Hybrid,4,14,911000
38,Female,Master's,16,Software Engineer,Mid,Manufacturing,Mumbai,Enterprise,Hybrid,3,9,1411000
44,Male,Bachelor's,23,Product Manager,Senior,E-commerce,Pune,Mid-size,Remote,1,10,1343000
46,Male,Master's,23,Product Manager,Mid,Manufacturing,Remote,Enterprise,On-site,1,7,1438000
45,Male,Master's,21,Business Analyst,Lead,IT,Hyderabad,Enterprise,Hybrid,1,11,2952000
49,Female,Bachelor's,28,Sales Executive,Mid,E-commerce,Delhi,Mid-size,Remote,3,6,1217000
35,Male,Bachelor's,11,Business Analyst,Manager,EdTech,Hyderabad,Enterprise,Hybrid,3,7,1681000
21,Female,Bachelor's,0,Sales Executive,Lead,Finance,Remote,Enterprise,Hybrid,3,14,906000
45,Male,Master's,22,Sales Executive,Junior,EdTech,Bangalore,Mid-size,Remote,0,7,1070000
27,Male,High School,3,HR Executive,Manager,Healthcare,Delhi,Startup,Hybrid,5,10,854000
29,Female,Bachelor's,8,HR Executive,Junior,E-commerce,Pune,Mid-size,Remote,0,5,459000
44,Male,Master's,22,Data Analyst,Lead,E-commerce,Delhi,Mid-size,On-site,1,3,2076000
21,Female,Master's,0,DevOps Engineer,Mid,IT,Hyderabad,Enterprise,On-site,5,12,746000
28,Male,Bachelor's,7,DevOps Engineer,Lead,Healthcare,Mumbai,Mid-size,On-site,2,12,1186000
44,Female,Master's,23,Software Engineer,Lead,Finance,Delhi,Enterprise,Hybrid,1,10,2516000
31,Male,Bachelor's,9,DevOps Engineer,Lead,E-commerce,Pune,Mid-size,Hybrid,4,3,1149000
37,Male,Master's,14,HR Executive,Senior,E-commerce,Bangalore,Startup,Remote,0,11,1294000
28,Male,Bachelor's,5,Data Analyst,Mid,IT,Chennai,Enterprise,Hybrid,3,10,652000
55,Male,Bachelor's,34,Data Analyst,Junior,Manufacturing,Mumbai,Mid-size,Hybrid,0,3,938000
55,Female,Master's,34,Sales Executive,Mid,Finance,Bangalore,Mid-size,On-site,3,13,1788000
53,Male,Bachelor's,31,Business Analyst,Junior,EdTech,Delhi,Mid-size,Hybrid,5,9,1105000
25,Male,Bachelor's,3,Software Engineer,Senior,Healthcare,Hyderabad,Startup,Hybrid,4,10,674000
48,Male,Master's,25,Sales Executive,Mid,E-commerce,Remote,Mid-size,On-site,5,13,1357000
27,Male,Master's,3,Business Analyst,Manager,E-commerce,Hyderabad,Mid-size,On-site,4,11,1284000
29,Female,Master's,6,DevOps Engineer,Senior,EdTech,Pune,Mid-size,On-site,0,10,1039000
28,Male,Master's,7,Sales Executive,Lead,Finance,Hyderabad,Enterprise,On-site,3,11,1559000
32,Female,Bachelor's,9,Data Scientist,Junior,Manufacturing,Mumbai,Mid-size,Hybrid,5,10,555000
54,Female,Bachelor's,30,DevOps Engineer,Lead,E-commerce,Hyderabad,Startup,On-site,4,3,1890000
53,Female,Bachelor's,31,Business Analyst,Manager,Finance,Pune,Mid-size,Hybrid,1,5,2594000
43,Male,Bachelor's,19,Software Engineer,Mid,EdTech,Chennai,Enterprise,Remote,1,8,1064000
44,Female,PhD,20,Business Analyst,Senior,IT,Delhi,Startup,Hybrid,5,13,2165000
57,Female,Bachelor's,33,Sales Executive,Senior,Manufacturing,Remote,Startup,Remote,3,3,1326000
55,Female,Bachelor's,33,Sales Executive,Junior,Healthcare,Delhi,Startup,Hybrid,5,2,717000
42,Male,Bachelor's,18,Product Manager,Mid,E-commerce,Hyderabad,Startup,Hybrid,0,4,674000
47,Female,PhD,23,Software Engineer,Mid,Finance,Bangalore,Enterprise,Remote,4,13,2387000
55,Female,Bachelor's,31,UI/UX Designer,Junior,IT,Delhi,Enterprise,On-site,0,5,1141000
21,Female,Bachelor's,0,DevOps Engineer,Mid,Healthcare,Chennai,Mid-size,Remote,1,9,368000
55,Male,Bachelor's,31,Data Analyst,Junior,Finance,Hyderabad,Mid-size,On-site,4,7,900000
57,Male,Master's,35,Software Engineer,Junior,Finance,Remote,Mid-size,Hybrid,5,12,1539000
34,Female,High School,10,Data Analyst,Junior,Healthcare,Pune,Enterprise,On-site,0,3,411000
23,Male,Master's,0,Software Engineer,Manager,IT,Chennai,Enterprise,Hybrid,2,10,1684000
21,Female,PhD,0,Software Engineer,Mid,EdTech,Hyderabad,Mid-size,Hybrid,3,3,592000
25,Male,Bachelor's,1,Business Analyst,Manager,IT,Chennai,Enterprise,Hybrid,3,14,1279000
46,Male,Master's,24,Software Engineer,Mid,Manufacturing,Delhi,Enterprise,On-site,2,13,1809000
34,Male,PhD,10,Product Manager,Mid,E-commerce,Remote,Mid-size,On-site,1,6,848000
47,Male,Master's,25,UI/UX Designer,Mid,Healthcare,Pune,Startup,On-site,4,13,1171000
29,Female,Bachelor's,5,Sales Executive,Mid,EdTech,Hyderabad,Mid-size,On-site,3,5,539000
35,Female,Bachelor's,11,Marketing Manager,Junior,Healthcare,Mumbai,Enterprise,Remote,2,14,732000
35,Female,Master's,14,Data Analyst,Senior,Healthcare,Pune,Enterprise,On-site,5,8,1749000
46,Male,Bachelor's,25,Sales Executive,Junior,IT,Mumbai,Enterprise,Remote,2,9,916000
33,Female,Master's,9,Marketing Manager,Senior,E-commerce,Chennai,Enterprise,Remote,1,6,1394000
52,Female,PhD,28,UI/UX Designer,Senior,Manufacturing,Bangalore,Mid-size,On-site,1,11,3120000
52,Male,PhD,29,UI/UX Designer,Junior,Finance,Pune,Enterprise,Hybrid,0,6,1770000
24,Male,Bachelor's,2,Data Analyst,Junior,Finance,Chennai,Enterprise,On-site,3,3,498000
50,Female,Bachelor's,27,Data Analyst,Senior,Healthcare,Mumbai,Mid-size,On-site,0,9,1697000
57,Female,PhD,35,UI/UX Designer,Mid,E-commerce,Delhi,Mid-size,On-site,2,3,2211000
43,Female,Master's,22,Marketing Manager,Junior,EdTech,Delhi,Enterprise,Hybrid,4,11,1502000
35,Male,Bachelor's,14,Software Engineer,Manager,IT,Bangalore,Startup,Hybrid,4,13,1350000
49,Female,PhD,28,DevOps Engineer,Junior,E-commerce,Pune,Enterprise,Hybrid,1,7,1769000
56,Male,Master's,32,Data Scientist,Senior,E-commerce,Pune,Startup,Hybrid,4,9,1706000
33,Male,Bachelor's,12,Sales Executive,Manager,IT,Pune,Mid-size,On-site,4,7,1428000
52,Male,Bachelor's,28,Business Analyst,Junior,Healthcare,Chennai,Enterprise,Hybrid,4,5,960000
27,Male,Bachelor's,3,Sales Executive,Junior,E-commerce,Remote,Startup,Remote,2,14,305000
42,Male,High School,21,Business Analyst,Junior,Finance,Remote,Startup,On-site,4,5,419000
48,Male,Bachelor's,27,Marketing Manager,Mid,IT,Bangalore,Mid-size,On-site,5,7,1310000
22,Female,Master's,0,Business Analyst,Junior,EdTech,Pune,Enterprise,Hybrid,4,14,577000
26,Female,High School,3,Data Analyst,Senior,Manufacturing,Chennai,Startup,On-site,4,5,405000
48,Male,Bachelor's,27,DevOps Engineer,Junior,Healthcare,Delhi,Enterprise,Hybrid,0,9,1168000
48,Female,Bachelor's,26,DevOps Engineer,Mid,IT,Mumbai,Startup,On-site,2,10,1027000
40,Male,Bachelor's,18,Data Analyst,Manager,Manufacturing,Chennai,Enterprise,On-site,1,2,1787000
50,Male,PhD,27,Product Manager,Lead,Manufacturing,Remote,Enterprise,On-site,0,14,3364000
31,Female,Bachelor's,7,Marketing Manager,Senior,EdTech,Remote,Mid-size,On-site,3,5,727000
48,Male,Bachelor's,27,Product Manager,Mid,E-commerce,Delhi,Mid-size,Hybrid,2,5,1155000
45,Male,Master's,22,Product Manager,Senior,EdTech,Delhi,Mid-size,Hybrid,5,3,1609000
53,Male,Bachelor's,32,Sales Executive,Mid,E-commerce,Mumbai,Mid-size,Remote,2,7,1294000
21,Male,Bachelor's,0,UI/UX Designer,Mid,E-commerce,Delhi,Startup,Remote,3,4,311000
47,Female,Bachelor's,25,Sales Executive,Junior,IT,Bangalore,Startup,Hybrid,3,8,872000
33,Male,Bachelor's,9,UI/UX Designer,Lead,IT,Mumbai,Startup,Remote,3,14,1152000
23,Male,Bachelor's,1,Data Scientist,Mid,Healthcare,Delhi,Mid-size,On-site,1,12,414000
26,Male,Bachelor's,4,Business Analyst,Junior,E-commerce,Hyderabad,Startup,Hybrid,4,12,337000
28,Female,Bachelor's,5,UI/UX Designer,Mid,Manufacturing,Chennai,Mid-size,Hybrid,2,6,512000
47,Male,PhD,26,Data Analyst,Mid,Finance,Delhi,Enterprise,On-site,4,5,2435000
29,Female,Bachelor's,8,Sales Executive,Lead,Healthcare,Bangalore,Mid-size,Hybrid,4,6,1147000
57,Male,Bachelor's,34,Marketing Manager,Senior,IT,Pune,Mid-size,On-site,5,9,1948000
53,Male,Master's,29,Business Analyst,Senior,EdTech,Delhi,Mid-size,Hybrid,3,4,1996000
44,Male,High School,23,Data Scientist,Junior,Healthcare,Remote,Enterprise,Remote,1,8,647000
35,Male,Master's,13,UI/UX Designer,Mid,Healthcare,Remote,Enterprise,Remote,5,7,1167000
52,Male,Bachelor's,31,Data Scientist,Mid,Healthcare,Remote,Enterprise,Hybrid,0,13,1360000
52,Male,PhD,30,Marketing Manager,Junior,Healthcare,Pune,Enterprise,Hybrid,1,2,1454000
44,Female,Bachelor's,20,Product Manager,Mid,Finance,Remote,Startup,Hybrid,4,14,792000
32,Male,Bachelor's,9,DevOps Engineer,Senior,EdTech,Hyderabad,Enterprise,Hybrid,1,8,1162000
22,Female,High School,1,Marketing Manager,Junior,EdTech,Delhi,Enterprise,On-site,3,14,351000
23,Male,PhD,0,HR Executive,Mid,EdTech,Remote,Startup,Hybrid,0,8,496000
57,Male,Bachelor's,35,Marketing Manager,Junior,E-commerce,Mumbai,Enterprise,Hybrid,3,13,1370000
37,Male,Bachelor's,15,Data Scientist,Junior,Manufacturing,Pune,Startup,Remote,0,2,526000
22,Female,High School,0,Data Analyst,Junior,EdTech,Hyderabad,Mid-size,Hybrid,5,10,268000
22,Male,Master's,1,Sales Executive,Manager,Healthcare,Mumbai,Startup,Hybrid,4,7,1075000
48,Male,Bachelor's,26,Data Analyst,Lead,Healthcare,Mumbai,Mid-size,Hybrid,0,13,2316000
43,Male,Master's,20,Data Scientist,Manager,EdTech,Mumbai,Enterprise,Hybrid,0,3,3295000
57,Male,Bachelor's,34,Sales Executive,Mid,EdTech,Mumbai,Mid-size,Hybrid,0,6,1310000
52,Male,Bachelor's,31,HR Executive,Junior,Healthcare,Delhi,Mid-size,On-site,1,14,1005000
53,Male,High School,32,DevOps Engineer,Mid,E-commerce,Remote,Mid-size,Hybrid,5,12,813000
21,Male,Bachelor's,0,Business Analyst,Mid,IT,Chennai,Enterprise,Remote,1,5,517000
39,Male,Bachelor's,17,Data Scientist,Lead,IT,Delhi,Startup,Hybrid,4,8,1475000
22,Female,High School,1,UI/UX Designer,Junior,EdTech,Delhi,Mid-size,On-site,0,9,269000
46,Male,Master's,23,Data Scientist,Mid,Finance,Hyderabad,Enterprise,Hybrid,5,12,1786000
52,Male,Bachelor's,29,Data Scientist,Junior,EdTech,Hyderabad,Enterprise,Remote,5,12,1336000
26,Male,Bachelor's,5,Sales Executive,Mid,EdTech,Remote,Mid-size,On-site,2,2,424000
52,Female,Bachelor's,31,Software Engineer,Senior,IT,Chennai,Enterprise,Remote,4,6,2060000
24,Male,Bachelor's,0,Marketing Manager,Mid,Healthcare,Hyderabad,Enterprise,Remote,5,4,522000
31,Male,Bachelor's,8,Software Engineer,Mid,EdTech,Remote,Enterprise,Hybrid,0,2,524000
37,Male,Bachelor's,15,HR Executive,Mid,Healthcare,Remote,Mid-size,Remote,0,13,623000
44,Male,Bachelor's,20,UI/UX Designer,Mid,Healthcare,Bangalore,Startup,Remote,5,4,832000
25,Male,Master's,4,DevOps Engineer,Senior,Finance,Chennai,Startup,Remote,1,7,753000
54,Female,PhD,33,Product Manager,Lead,Healthcare,Hyderabad,Startup,Hybrid,4,8,2990000
26,Female,Bachelor's,3,HR Executive,Manager,IT,Chennai,Mid-size,On-site,0,9,944000
42,Female,Bachelor's,21,Product Manager,Senior,E-commerce,Delhi,Startup,On-site,5,14,1346000
31,Male,Master's,9,Product Manager,Mid,E-commerce,Delhi,Mid-size,Hybrid,0,12,825000
36,Male,Bachelor's,13,DevOps Engineer,Senior,Manufacturing,Chennai,Mid-size,On-site,5,5,1089000
53,Male,High School,32,Data Analyst,Mid,EdTech,Bangalore,Startup,Hybrid,4,4,879000
29,Male,Bachelor's,6,Software Engineer,Mid,IT,Bangalore,Enterprise,Remote,5,6,815000
26,Male,Master's,5,Data Scientist,Lead,Healthcare,Chennai,Mid-size,Remote,2,10,1279000
36,Female,Master's,15,Business Analyst,Junior,E-commerce,Hyderabad,Startup,Hybrid,5,14,816000
49,Male,High School,28,Product Manager,Lead,IT,Pune,Enterprise,Remote,5,7,1749000
23,Male,Bachelor's,1,UI/UX Designer,Mid,E-commerce,Bangalore,Startup,Remote,4,10,472000
40,Male,Bachelor's,18,HR Executive,Senior,Healthcare,Mumbai,Enterprise,Hybrid,5,7,1821000
56,Male,Master's,33,Data Analyst,Senior,E-commerce,Delhi,Enterprise,On-site,4,3,2633000
39,Male,High School,18,Product Manager,Lead,EdTech,Chennai,Mid-size,Hybrid,2,14,1090000
46,Female,Bachelor's,25,Data Analyst,Senior,EdTech,Mumbai,Enterprise,Hybrid,4,6,2001000
23,Male,Master's,1,Data Analyst,Senior,Manufacturing,Chennai,Mid-size,Hybrid,0,13,815000
39,Female,Bachelor's,18,Product Manager,Junior,Manufacturing,Remote,Mid-size,Hybrid,4,12,634000
40,Female,Master's,18,Sales Executive,Mid,E-commerce,Delhi,Startup,On-site,2,10,955000
52,Female,Bachelor's,31,Marketing Manager,Junior,IT,Delhi,Startup,Hybrid,3,9,864000
27,Male,High School,4,UI/UX Designer,Senior,EdTech,Bangalore,Enterprise,Remote,5,8,811000
53,Male,Bachelor's,32,Data Scientist,Mid,IT,Bangalore,Mid-size,Hybrid,4,2,1199000
38,Male,Master's,17,Data Scientist,Senior,IT,Mumbai,Mid-size,Remote,5,5,1533000
21,Female,Master's,0,UI/UX Designer,Junior,E-commerce,Remote,Mid-size,Remote,1,13,380000
31,Male,Master's,9,Sales Executive,Junior,IT,Chennai,Mid-size,Remote,0,8,589000
48,Female,Bachelor's,27,Data Scientist,Senior,EdTech,Remote,Startup,Remote,0,12,997000
45,Male,Master's,24,Data Analyst,Junior,Healthcare,Delhi,Mid-size,Remote,1,8,1199000
43,Male,Bachelor's,19,DevOps Engineer,Junior,Manufacturing,Mumbai,Enterprise,Hybrid,1,7,926000
51,Male,Bachelor's,27,HR Executive,Junior,Healthcare,Pune,Startup,On-site,4,9,740000
50,Male,Master's,28,Software Engineer,Manager,IT,Mumbai,Startup,Hybrid,1,12,3368000
55,Male,High School,31,Data Scientist,Senior,Healthcare,Hyderabad,Startup,Hybrid,3,14,1134000
27,Female,High School,4,UI/UX Designer,Mid,EdTech,Mumbai,Mid-size,On-site,5,7,385000
36,Female,Bachelor's,12,DevOps Engineer,Mid,EdTech,Remote,Enterprise,On-site,5,11,864000
46,Female,High School,23,Product Manager,Mid,IT,Hyderabad,Startup,Remote,2,4,571000
22,Female,Bachelor's,0,Marketing Manager,Senior,E-commerce,Hyderabad,Startup,Remote,1,5,535000
21,Female,Bachelor's,0,UI/UX Designer,Senior,Healthcare,Hyderabad,Mid-size,Remote,1,4,551000
32,Male,Bachelor's,10,Data Analyst,Junior,E-commerce,Pune,Enterprise,Hybrid,3,2,554000
25,Female,Master's,3,Marketing Manager,Junior,E-commerce,Mumbai,Mid-size,On-site,0,11,466000
57,Male,Master's,35,HR Executive,Junior,Finance,Remote,Mid-size,On-site,0,6,1270000
52,Male,Bachelor's,29,HR Executive,Senior,IT,Mumbai,Enterprise,On-site,5,2,1983000
29,Female,Bachelor's,6,Sales Executive,Senior,Manufacturing,Pune,Mid-size,On-site,5,2,808000
55,Male,Bachelor's,33,Business Analyst,Mid,EdTech,Delhi,Enterprise,On-site,4,3,1575000
39,Male,Bachelor's,15,Sales Executive,Junior,EdTech,Bangalore,Enterprise,Remote,3,14,919000
36,Male,Bachelor's,15,DevOps Engineer,Junior,IT,Remote,Startup,Hybrid,2,5,455000
23,Male,Master's,1,Marketing Manager,Manager,Manufacturing,Remote,Startup,On-site,2,7,1064000
40,Female,Bachelor's,16,Business Analyst,Mid,EdTech,Mumbai,Startup,On-site,3,9,675000
44,Male,Bachelor's,23,Product Manager,Senior,IT,Bangalore,Mid-size,Hybrid,2,14,1592000
53,Male,Bachelor's,31,Data Analyst,Senior,EdTech,Chennai,Enterprise,On-site,0,4,1954000
44,Male,Bachelor's,22,Marketing Manager,Mid,E-commerce,Chennai,Mid-size,Remote,2,2,766000
31,Male,PhD,8,Sales Executive,Junior,Healthcare,Pune,Startup,Hybrid,2,4,701000
28,Female,Master's,7,Software Engineer,Junior,Healthcare,Chennai,Enterprise,Hybrid,3,13,817000
56,Male,Bachelor's,35,Business Analyst,Senior,EdTech,Remote,Mid-size,On-site,3,4,1602000
40,Male,Master's,16,Business Analyst,Senior,Finance,Chennai,Startup,On-site,2,6,1112000
55,Female,Bachelor's,32,Data Analyst,Senior,Manufacturing,Delhi,Mid-size,Hybrid,1,12,1587000
45,Female,Master's,22,Data Scientist,Mid,Manufacturing,Delhi,Mid-size,Hybrid,3,13,1449000
55,Female,Master's,32,HR Executive,Junior,Manufacturing,Delhi,Enterprise,Hybrid,4,13,2135000
45,Female,Bachelor's,22,HR Executive,Manager,E-commerce,Chennai,Startup,On-site,4,5,1710000
49,Male,High School,28,Software Engineer,Senior,Manufacturing,Pune,Startup,Hybrid,0,14,799000
38,Male,Bachelor's,17,DevOps Engineer,Mid,Healthcare,Hyderabad,Mid-size,Hybrid,2,5,856000
38,Male,Bachelor's,16,DevOps Engineer,Manager,E-commerce,Hyderabad,Startup,Remote,1,10,1653000
22,Female,Master's,0,Product Manager,Senior,IT,Bangalore,Mid-size,On-site,0,8,765000
55,Male,Bachelor's,32,Marketing Manager,Senior,Manufacturing,Hyderabad,Mid-size,On-site,2,5,1585000
36,Male,Bachelor's,13,UI/UX Designer,Senior,Manufacturing,Hyderabad,Mid-size,Hybrid,3,4,963000
56,Male,Master's,33,Data Scientist,Lead,IT,Delhi,Enterprise,Hybrid,4,7,3644000
53,Male,PhD,31,Sales Executive,Senior,Manufacturing,Delhi,Mid-size,Hybrid,5,4,2720000
24,Male,Bachelor's,0,UI/UX Designer,Junior,IT,Chennai,Startup,Hybrid,1,7,241000
53,Female,Bachelor's,29,UI/UX Designer,Mid,E-commerce,Bangalore,Mid-size,Hybrid,5,12,1249000
34,Male,Bachelor's,12,Business Analyst,Manager,Healthcare,Mumbai,Enterprise,Remote,4,14,2333000
41,Female,High School,19,Software Engineer,Junior,IT,Remote,Enterprise,Hybrid,5,12,591000
40,Female,PhD,18,HR Executive,Mid,Finance,Bangalore,Startup,Remote,3,14,1366000
28,Male,Bachelor's,6,Product Manager,Mid,IT,Bangalore,Enterprise,Hybrid,2,14,844000
27,Male,Bachelor's,5,DevOps Engineer,Mid,Manufacturing,Pune,Mid-size,Remote,3,13,496000
23,Male,Bachelor's,1,Software Engineer,Senior,E-commerce,Chennai,Startup,Remote,5,10,533000
37,Male,Bachelor's,14,Business Analyst,Manager,EdTech,Pune,Startup,On-site,3,7,1367000
53,Female,Master's,30,Sales Executive,Junior,E-commerce,Bangalore,Startup,Remote,4,13,1269000
32,Male,Master's,9,Product Manager,Junior,EdTech,Bangalore,Enterprise,On-site,1,5,925000
42,Male,Bachelor's,19,Business Analyst,Junior,IT,Bangalore,Startup,Remote,3,6,738000
42,Male,High School,20,HR Executive,Lead,Healthcare,Hyderabad,Startup,Hybrid,4,14,1085000
50,Female,Bachelor's,26,HR Executive,Senior,Finance,Remote,Enterprise,On-site,1,7,1756000
28,Female,PhD,7,HR Executive,Mid,E-commerce,Remote,Mid-size,Hybrid,2,12,849000
47,Female,Master's,25,Software Engineer,Lead,Manufacturing,Pune,Startup,Remote,5,4,1998000
47,Female,Bachelor's,26,Software Engineer,Lead,EdTech,Bangalore,Startup,On-site,2,9,1833000
54,Male,Master's,30,DevOps Engineer,Lead,Manufacturing,Remote,Startup,Hybrid,0,5,2065000
41,Female,Master's,18,DevOps Engineer,Lead,Healthcare,Delhi,Startup,Hybrid,4,9,1933000
50,Male,Bachelor's,26,Sales Executive,Mid,EdTech,Remote,Mid-size,Remote,1,11,969000
53,Female,PhD,31,Product Manager,Senior,E-commerce,Chennai,Startup,Hybrid,3,11,1994000
48,Female,Bachelor's,25,Data Analyst,Mid,IT,Chennai,Startup,On-site,2,4,836000
53,Male,Bachelor's,31,Data Analyst,Lead,Manufacturing,Remote,Enterprise,On-site,1,11,2245000
25,Female,Bachelor's,2,Business Analyst,Senior,Healthcare,Delhi,Mid-size,Hybrid,4,8,640000
39,Female,High School,18,HR Executive,Senior,E-commerce,Chennai,Mid-size,Hybrid,0,12,726000
24,Male,Bachelor's,3,Product Manager,Senior,E-commerce,Hyderabad,Mid-size,Remote,2,14,728000
55,Female,Master's,34,UI/UX Designer,Junior,E-commerce,Remote,Mid-size,On-site,5,13,1401000
37,Male,High School,13,Software Engineer,Mid,E-commerce,Hyderabad,Mid-size,Hybrid,1,10,485000
48,Male,Master's,26,Marketing Manager,Manager,EdTech,Remote,Mid-size,On-site,5,5,3117000
50,Male,Bachelor's,26,Data Scientist,Manager,E-commerce,Mumbai,Mid-size,On-site,1,9,2691000
49,Male,Bachelor's,28,Sales Executive,Junior,Manufacturing,Mumbai,Enterprise,Hybrid,1,4,1005000
26,Female,Bachelor's,4,HR Executive,Junior,Healthcare,Mumbai,Startup,Hybrid,4,8,377000
55,Female,Bachelor's,34,HR Executive,Junior,EdTech,Chennai,Enterprise,Hybrid,4,4,1075000
57,Female,Master's,33,HR Executive,Senior,E-commerce,Hyderabad,Startup,Remote,4,13,2198000
44,Male,Bachelor's,20,Software Engineer,Lead,Finance,Hyderabad,Enterprise,Hybrid,3,8,1945000
49,Female,Bachelor's,25,Software Engineer,Junior,Finance,Hyderabad,Mid-size,Remote,1,12,748000
51,Male,Bachelor's,30,Data Scientist,Mid,Healthcare,Delhi,Enterprise,Remote,2,11,1500000
55,Female,Master's,33,UI/UX Designer,Lead,IT,Hyderabad,Startup,Hybrid,5,11,2924000
53,Male,PhD,31,Product Manager,Senior,IT,Delhi,Mid-size,Remote,4,12,2883000
41,Male,Master's,20,HR Executive,Mid,EdTech,Mumbai,Mid-size,Hybrid,4,12,1410000
52,Female,Bachelor's,30,Data Analyst,Senior,EdTech,Mumbai,Enterprise,On-site,5,7,2348000
43,Male,High School,22,DevOps Engineer,Mid,EdTech,Chennai,Mid-size,Hybrid,5,3,553000
53,Male,Bachelor's,31,Data Analyst,Mid,IT,Remote,Mid-size,On-site,1,12,1003000
23,Male,Bachelor's,0,Business Analyst,Senior,Finance,Mumbai,Mid-size,Hybrid,4,4,622000
38,Male,High School,15,Data Analyst,Senior,IT,Remote,Mid-size,Hybrid,5,7,680000
45,Male,Bachelor's,21,Business Analyst,Lead,Manufacturing,Remote,Mid-size,On-site,3,5,1687000
51,Male,Bachelor's,28,Marketing Manager,Senior,E-commerce,Chennai,Startup,On-site,3,7,1125000
23,Male,Bachelor's,0,DevOps Engineer,Senior,EdTech,Bangalore,Enterprise,Remote,4,2,737000
44,Male,Master's,21,Data Analyst,Junior,Finance,Bangalore,Enterprise,Hybrid,5,11,1507000
52,Female,Bachelor's,31,Marketing Manager,Mid,Healthcare,Pune,Enterprise,On-site,1,13,1431000
42,Male,High School,19,Sales Executive,Junior,Healthcare,Chennai,Startup,Hybrid,1,2,284000
43,Female,Master's,20,Product Manager,Junior,E-commerce,Pune,Enterprise,Hybrid,1,4,1281000
22,Female,Bachelor's,0,Marketing Manager,Senior,Finance,Pune,Enterprise,Hybrid,0,9,641000
47,Male,Master's,24,Product Manager,Manager,IT,Bangalore,Mid-size,Remote,4,9,3538000
22,Female,Bachelor's,0,Data Analyst,Junior,IT,Chennai,Mid-size,Hybrid,1,12,286000
46,Female,Bachelor's,24,UI/UX Designer,Mid,Manufacturing,Bangalore,Mid-size,On-site,3,5,1047000
37,Female,Master's,13,Marketing Manager,Lead,Manufacturing,Pune,Enterprise,Remote,5,7,1915000
53,Male,Master's,29,DevOps Engineer,Junior,IT,Chennai,Mid-size,Remote,2,9,1053000
29,Male,Master's,5,Data Analyst,Senior,Healthcare,Pune,Startup,On-site,2,8,780000
49,Female,Bachelor's,25,HR Executive,Senior,EdTech,Hyderabad,Mid-size,On-site,1,12,1488000
46,Female,Bachelor's,22,Software Engineer,Senior,Healthcare,Remote,Enterprise,On-site,2,8,1457000
55,Female,Bachelor's,31,Marketing Manager,Junior,Manufacturing,Chennai,Enterprise,Hybrid,2,14,1040000
45,Male,High School,24,DevOps Engineer,Mid,E-commerce,Chennai,Enterprise,Hybrid,0,5,752000
44,Female,PhD,21,Sales Executive,Senior,IT,Remote,Mid-size,Hybrid,3,10,2159000
33,Female,Bachelor's,9,HR Executive,Senior,Manufacturing,Pune,Startup,Remote,3,13,880000
27,Male,PhD,4,Sales Executive,Junior,Manufacturing,Hyderabad,Startup,Remote,0,11,587000
56,Male,Bachelor's,33,Data Analyst,Senior,EdTech,Delhi,Startup,On-site,0,7,1538000
40,Male,Bachelor's,19,Software Engineer,Junior,IT,Remote,Startup,On-site,2,13,656000
21,Female,Bachelor's,0,Marketing Manager,Senior,EdTech,Bangalore,Mid-size,Hybrid,4,12,730000
28,Female,Master's,6,Marketing Manager,Junior,IT,Pune,Startup,On-site,5,4,519000
36,Female,Master's,15,UI/UX Designer,Manager,EdTech,Remote,Mid-size,Hybrid,5,6,1801000
34,Male,Master's,12,UI/UX Designer,Mid,Healthcare,Remote,Enterprise,Remote,2,6,924000
32,Male,Master's,9,Data Analyst,Mid,E-commerce,Chennai,Mid-size,On-site,5,6,796000
43,Male,Master's,20,Data Analyst,Junior,E-commerce,Bangalore,Enterprise,Hybrid,0,9,1225000
35,Male,Master's,14,Software Engineer,Mid,IT,Bangalore,Mid-size,Remote,3,10,1063000
48,Female,Bachelor's,27,UI/UX Designer,Lead,Finance,Bangalore,Startup,Hybrid,5,14,1918000
54,Female,Bachelor's,32,DevOps Engineer,Manager,Manufacturing,Remote,Mid-size,On-site,2,10,2144000
22,Female,Bachelor's,0,DevOps Engineer,Mid,Manufacturing,Delhi,Startup,Hybrid,4,14,370000
52,Female,PhD,30,Software Engineer,Mid,IT,Mumbai,Mid-size,On-site,2,7,2041000
43,Male,PhD,22,DevOps Engineer,Senior,EdTech,Pune,Mid-size,Remote,1,7,2372000
42,Male,High School,20,Business Analyst,Lead,Finance,Mumbai,Startup,On-site,2,10,1143000
45,Female,Master's,24,Product Manager,Senior,Healthcare,Remote,Startup,Hybrid,0,5,1385000
42,Female,PhD,20,Software Engineer,Mid,EdTech,Mumbai,Mid-size,Hybrid,3,7,1378000
42,Male,Bachelor's,21,Software Engineer,Mid,EdTech,Remote,Enterprise,Remote,3,5,1040000
26,Male,Bachelor's,5,Data Scientist,Senior,IT,Mumbai,Enterprise,On-site,5,12,1097000
35,Male,PhD,14,HR Executive,Junior,IT,Bangalore,Enterprise,On-site,0,2,1291000
57,Female,High School,33,HR Executive,Senior,Manufacturing,Hyderabad,Startup,On-site,1,8,999000
53,Male,Master's,31,Business Analyst,Mid,IT,Bangalore,Enterprise,On-site,0,11,2455000
28,Male,Bachelor's,6,UI/UX Designer,Senior,IT,Bangalore,Enterprise,On-site,2,12,1158000
25,Male,PhD,3,Data Analyst,Junior,IT,Chennai,Mid-size,Hybrid,0,13,605000
24,Male,PhD,3,Data Analyst,Senior,Manufacturing,Chennai,Enterprise,On-site,0,7,1043000
26,Female,PhD,4,Sales Executive,Mid,Healthcare,Mumbai,Mid-size,On-site,1,10,884000
52,Male,Bachelor's,30,Business Analyst,Senior,Healthcare,Remote,Enterprise,Remote,2,8,1979000
50,Female,Master's,29,Software Engineer,Junior,IT,Bangalore,Enterprise,On-site,4,14,1888000
55,Female,Master's,32,Business Analyst,Senior,Manufacturing,Mumbai,Startup,On-site,4,8,1723000
36,Female,Bachelor's,15,Business Analyst,Senior,Healthcare,Chennai,Mid-size,On-site,3,3,966000
33,Male,Master's,11,Business Analyst,Senior,EdTech,Hyderabad,Enterprise,Remote,5,13,1974000
50,Female,High School,29,HR Executive,Senior,Healthcare,Pune,Startup,On-site,0,12,928000
39,Male,Bachelor's,16,Business Analyst,Senior,Healthcare,Mumbai,Mid-size,Remote,3,10,1302000
37,Female,Bachelor's,16,Product Manager,Lead,Manufacturing,Hyderabad,Enterprise,Remote,1,11,2121000
39,Female,Bachelor's,17,Data Analyst,Mid,EdTech,Pune,Mid-size,On-site,4,10,855000
48,Male,High School,25,Sales Executive,Lead,Manufacturing,Delhi,Startup,Remote,0,7,1173000
46,Male,Master's,22,Product Manager,Mid,IT,Mumbai,Mid-size,On-site,1,14,1451000
57,Male,Bachelor's,35,Sales Executive,Junior,E-commerce,Mumbai,Startup,On-site,5,4,996000
46,Male,Master's,23,Data Scientist,Junior,Healthcare,Delhi,Mid-size,Remote,1,2,1017000
43,Male,High School,20,Sales Executive,Mid,E-commerce,Delhi,Startup,Hybrid,0,5,506000
29,Male,Bachelor's,5,Data Analyst,Senior,Manufacturing,Mumbai,Mid-size,Hybrid,5,4,790000
32,Male,Bachelor's,11,Data Analyst,Senior,Manufacturing,Delhi,Mid-size,On-site,1,13,956000
21,Male,Master's,0,Business Analyst,Senior,Manufacturing,Bangalore,Enterprise,Hybrid,5,2,910000
21,Male,Bachelor's,0,Marketing Manager,Mid,E-commerce,Pune,Mid-size,Remote,0,4,420000
54,Male,Master's,30,Data Scientist,Mid,Manufacturing,Pune,Mid-size,On-site,0,5,1406000
52,Male,Master's,31,Software Engineer,Junior,IT,Pune,Mid-size,On-site,5,14,1468000
45,Male,Master's,21,DevOps Engineer,Mid,Manufacturing,Bangalore,Startup,On-site,2,14,1386000
21,Male,Bachelor's,0,Sales Executive,Mid,Finance,Remote,Mid-size,On-site,3,9,380000
36,Male,High School,13,Marketing Manager,Junior,E-commerce,Delhi,Startup,Remote,1,10,326000
25,Female,Master's,4,Business Analyst,Junior,Finance,Hyderabad,Enterprise,Hybrid,1,4,633000
42,Male,High School,18,HR Executive,Senior,Manufacturing,Delhi,Startup,Remote,2,7,696000
49,Male,Master's,26,Software Engineer,Senior,IT,Mumbai,Mid-size,On-site,2,11,1804000
23,Male,Bachelor's,0,UI/UX Designer,Manager,Healthcare,Chennai,Mid-size,Hybrid,2,12,853000
32,Female,PhD,9,Marketing Manager,Manager,EdTech,Pune,Mid-size,On-site,4,6,2226000
46,Female,Master's,22,HR Executive,Senior,EdTech,Delhi,Startup,On-site,4,7,1487000
36,Female,PhD,14,Data Scientist,Mid,Manufacturing,Hyderabad,Mid-size,On-site,5,5,1179000
57,Female,Bachelor's,35,Business Analyst,Senior,IT,Mumbai,Mid-size,On-site,4,11,1845000
42,Male,Master's,20,Software Engineer,Senior,E-commerce,Bangalore,Enterprise,Hybrid,0,7,2285000
49,Male,Bachelor's,25,Software Engineer,Junior,Finance,Remote,Mid-size,Remote,5,8,888000
34,Male,Bachelor's,11,Software Engineer,Mid,Finance,Bangalore,Mid-size,Hybrid,1,10,858000
48,Female,Master's,26,Data Scientist,Lead,Finance,Hyderabad,Mid-size,On-site,3,11,2764000
25,Female,Master's,1,Sales Executive,Mid,E-commerce,Mumbai,Mid-size,On-site,0,8,631000
50,Female,PhD,28,UI/UX Designer,Senior,EdTech,Pune,Mid-size,On-site,1,7,2371000
25,Male,Master's,4,Data Scientist,Senior,IT,Delhi,Mid-size,Hybrid,1,2,770000
32,Female,Bachelor's,10,DevOps Engineer,Junior,E-commerce,Mumbai,Startup,Remote,5,3,471000
36,Male,Bachelor's,14,UI/UX Designer,Mid,Finance,Remote,Startup,Remote,2,2,504000
46,Male,Master's,23,Data Analyst,Mid,Manufacturing,Bangalore,Startup,On-site,2,10,1267000
46,Male,Bachelor's,22,Business Analyst,Junior,Healthcare,Remote,Startup,Hybrid,0,11,640000
41,Male,Bachelor's,18,Data Scientist,Junior,E-commerce,Remote,Mid-size,Hybrid,2,11,732000
56,Male,Bachelor's,33,HR Executive,Lead,E-commerce,Hyderabad,Mid-size,Hybrid,1,10,2276000
53,Female,Bachelor's,30,UI/UX Designer,Mid,IT,Hyderabad,Startup,Hybrid,2,8,867000
50,Male,Bachelor's,27,DevOps Engineer,Mid,IT,Delhi,Enterprise,Hybrid,4,14,1531000
57,Male,Bachelor's,34,Data Analyst,Mid,E-commerce,Hyderabad,Startup,Hybrid,2,3,1044000
43,Male,High School,21,Sales Executive,Manager,Finance,Hyderabad,Enterprise,On-site,1,7,1883000
30,Male,High School,7,HR Executive,Mid,Healthcare,Mumbai,Mid-size,Remote,5,12,481000
25,Female,PhD,2,UI/UX Designer,Mid,IT,Pune,Mid-size,On-site,0,5,695000
56,Female,Bachelor's,32,Business Analyst,Lead,Finance,Delhi,Startup,Hybrid,3,2,1741000
54,Female,Bachelor's,33,HR Executive,Lead,Manufacturing,Mumbai,Mid-size,Hybrid,2,2,2212000
51,Female,Master's,29,Data Analyst,Junior,IT,Pune,Mid-size,Hybrid,1,13,1250000
30,Female,Bachelor's,8,HR Executive,Lead,Finance,Remote,Enterprise,Remote,3,6,1029000
39,Male,PhD,17,Product Manager,Mid,Finance,Mumbai,Mid-size,Remote,3,13,1497000
52,Female,Master's,29,Marketing Manager,Mid,Healthcare,Chennai,Enterprise,Remote,4,3,1795000
21,Male,High School,0,Sales Executive,Junior,Healthcare,Mumbai,Startup,Hybrid,3,5,238000
25,Male,Bachelor's,2,Data Analyst,Junior,Manufacturing,Hyderabad,Enterprise,Hybrid,5,2,449000
24,Male,Master's,0,HR Executive,Senior,Finance,Pune,Mid-size,Hybrid,1,5,780000
36,Female,PhD,15,Marketing Manager,Mid,EdTech,Delhi,Enterprise,Remote,1,12,1888000
44,Female,Bachelor's,21,Marketing Manager,Mid,Finance,Delhi,Startup,Hybrid,2,7,790000
36,Male,Master's,15,HR Executive,Senior,Healthcare,Pune,Mid-size,Remote,2,11,1388000
22,Female,Bachelor's,0,Business Analyst,Senior,EdTech,Hyderabad,Mid-size,Remote,2,5,564000
48,Female,PhD,26,Product Manager,Junior,IT,Bangalore,Enterprise,Hybrid,5,2,1874000
52,Male,Bachelor's,29,Data Scientist,Senior,IT,Mumbai,Mid-size,On-site,3,8,1895000
47,Male,PhD,26,Product Manager,Junior,E-commerce,Hyderabad,Enterprise,On-site,3,3,1563000
40,Female,Master's,19,HR Executive,Senior,Healthcare,Chennai,Startup,Remote,4,10,1517000
44,Male,Master's,21,Sales Executive,Senior,E-commerce,Remote,Enterprise,On-site,5,14,1961000
32,Female,Bachelor's,10,Data Scientist,Manager,EdTech,Pune,Enterprise,Remote,2,4,1557000
55,Male,Bachelor's,33,Data Analyst,Junior,Healthcare,Mumbai,Enterprise,Hybrid,0,9,1362000
53,Male,Bachelor's,31,Product Manager,Junior,Manufacturing,Delhi,Mid-size,Hybrid,4,14,1169000
53,Female,Bachelor's,29,HR Executive,Mid,Finance,Remote,Mid-size,Remote,0,9,1007000
57,Female,Bachelor's,35,Product Manager,Mid,Manufacturing,Bangalore,Enterprise,Hybrid,3,4,1830000
32,Female,Master's,11,Data Scientist,Junior,EdTech,Chennai,Startup,Hybrid,4,5,661000
23,Female,Bachelor's,2,DevOps Engineer,Lead,Healthcare,Delhi,Mid-size,Hybrid,4,3,932000
21,Female,High School,0,UI/UX Designer,Junior,EdTech,Pune,Mid-size,On-site,1,5,220000
53,Female,PhD,32,Product Manager,Mid,Finance,Mumbai,Enterprise,Remote,3,12,2656000
30,Male,Master's,6,Data Analyst,Senior,IT,Pune,Startup,On-site,3,12,984000
49,Male,PhD,27,Data Analyst,Mid,IT,Remote,Mid-size,Remote,5,12,1790000
33,Male,PhD,10,Software Engineer,Senior,EdTech,Mumbai,Enterprise,Remote,4,10,2173000
32,Female,Bachelor's,11,Product Manager,Junior,E-commerce,Hyderabad,Startup,On-site,3,3,447000
51,Male,Bachelor's,30,UI/UX Designer,Mid,Healthcare,Bangalore,Enterprise,Hybrid,4,13,1750000
22,Male,Master's,0,Business Analyst,Junior,Healthcare,Hyderabad,Startup,Hybrid,5,13,401000
55,Male,Master's,32,Marketing Manager,Junior,IT,Hyderabad,Mid-size,On-site,5,14,1372000
43,Female,Bachelor's,19,UI/UX Designer,Lead,Manufacturing,Pune,Startup,Remote,1,4,1209000
37,Female,Master's,14,Marketing Manager,Junior,Finance,Remote,Startup,On-site,4,12,656000
46,Male,Bachelor's,24,Marketing Manager,Mid,Manufacturing,Bangalore,Enterprise,On-site,3,12,1422000
28,Female,Bachelor's,6,DevOps Engineer,Mid,Manufacturing,Mumbai,Mid-size,Hybrid,3,5,609000
49,Male,Bachelor's,26,Software Engineer,Mid,EdTech,Mumbai,Mid-size,Hybrid,4,6,963000
46,Male,Bachelor's,22,UI/UX Designer,Lead,IT,Chennai,Startup,Hybrid,4,2,1279000
30,Female,Bachelor's,6,UI/UX Designer,Junior,IT,Delhi,Mid-size,Remote,4,8,522000
46,Male,High School,25,DevOps Engineer,Senior,IT,Chennai,Mid-size,Hybrid,2,11,910000
54,Female,Master's,30,Product Manager,Manager,EdTech,Chennai,Mid-size,Hybrid,3,8,3313000
27,Male,Bachelor's,4,Product Manager,Senior,E-commerce,Mumbai,Mid-size,On-site,5,10,772000
24,Male,Bachelor's,2,Product Manager,Manager,Manufacturing,Pune,Enterprise,On-site,3,5,1319000
31,Female,Master's,10,Sales Executive,Junior,EdTech,Hyderabad,Mid-size,On-site,2,7,677000
49,Male,PhD,28,Marketing Manager,Mid,Healthcare,Remote,Mid-size,On-site,4,12,1647000
56,Female,Master's,34,Sales Executive,Mid,Finance,Hyderabad,Startup,Hybrid,1,3,1333000
45,Female,Master's,21,Software Engineer,Senior,E-commerce,Hyderabad,Enterprise,On-site,4,13,2078000
41,Male,Master's,19,DevOps Engineer,Manager,Healthcare,Bangalore,Mid-size,On-site,4,13,3318000
56,Male,Bachelor's,32,UI/UX Designer,Mid,Manufacturing,Mumbai,Mid-size,On-site,2,5,1404000
30,Male,High School,8,Marketing Manager,Senior,IT,Remote,Startup,Remote,3,3,429000
57,Male,Bachelor's,34,Sales Executive,Junior,Manufacturing,Pune,Enterprise,Remote,4,11,1370000
29,Male,Bachelor's,5,Sales Executive,Senior,EdTech,Bangalore,Startup,Hybrid,3,6,765000
44,Male,Bachelor's,21,HR Executive,Mid,Finance,Delhi,Enterprise,Remote,0,8,1166000
55,Male,Master's,34,Sales Executive,Manager,EdTech,Pune,Mid-size,Remote,5,14,3569000
55,Male,Bachelor's,33,Business Analyst,Senior,E-commerce,Chennai,Startup,Hybrid,3,2,1492000
56,Female,High School,35,UI/UX Designer,Mid,E-commerce,Pune,Enterprise,On-site,1,11,1088000
38,Female,Bachelor's,17,Business Analyst,Junior,Finance,Pune,Mid-size,Remote,5,11,674000
52,Female,Master's,31,UI/UX Designer,Junior,Healthcare,Hyderabad,Enterprise,Hybrid,1,8,1743000
44,Male,High School,23,DevOps Engineer,Junior,Healthcare,Pune,Enterprise,Hybrid,4,11,756000
43,Female,Master's,21,UI/UX Designer,Mid,E-commerce,Chennai,Enterprise,Remote,5,14,1608000
52,Male,Bachelor's,31,Business Analyst,Lead,E-commerce,Chennai,Startup,Hybrid,3,7,1579000
57,Female,Bachelor's,35,UI/UX Designer,Senior,IT,Mumbai,Enterprise,Hybrid,5,7,2673000
32,Female,Bachelor's,10,DevOps Engineer,Mid,Healthcare,Pune,Mid-size,Remote,4,13,868000
33,Male,Master's,10,DevOps Engineer,Junior,Finance,Hyderabad,Enterprise,On-site,2,9,945000
43,Female,Bachelor's,19,Software Engineer,Lead,Healthcare,Pune,Mid-size,Hybrid,1,9,1628000
45,Female,Master's,21,UI/UX Designer,Senior,IT,Delhi,Enterprise,Hybrid,4,7,2375000
55,Female,Bachelor's,33,HR Executive,Junior,EdTech,Delhi,Mid-size,Hybrid,2,4,957000
50,Female,Bachelor's,27,Product Manager,Senior,E-commerce,Hyderabad,Mid-size,Remote,5,6,1537000
37,Male,Master's,15,Data Analyst,Mid,E-commerce,Mumbai,Startup,On-site,5,3,909000
40,Male,Master's,18,DevOps Engineer,Junior,IT,Mumbai,Enterprise,Hybrid,4,6,1167000
45,Male,Master's,23,Data Scientist,Mid,Finance,Chennai,Mid-size,On-site,3,10,1210000
42,Female,Master's,19,Product Manager,Mid,E-commerce,Chennai,Mid-size,Hybrid,5,11,1129000
33,Male,Master's,9,Marketing Manager,Junior,Manufacturing,Bangalore,Enterprise,Hybrid,3,2,879000
39,Female,Master's,16,UI/UX Designer,Manager,E-commerce,Hyderabad,Mid-size,Remote,3,11,2404000
56,Male,Master's,35,Business Analyst,Lead,Manufacturing,Pune,Startup,On-site,3,6,2559000
32,Male,Master's,9,Data Analyst,Senior,IT,Remote,Mid-size,Hybrid,0,13,1060000
39,Male,Master's,16,Data Scientist,Mid,IT,Hyderabad,Mid-size,On-site,2,7,1076000
32,Female,Master's,9,Product Manager,Mid,E-commerce,Bangalore,Mid-size,Remote,2,12,1088000
29,Male,Master's,6,UI/UX Designer,Senior,Healthcare,Chennai,Startup,Remote,5,8,860000
27,Male,Bachelor's,3,Software Engineer,Mid,Manufacturing,Hyderabad,Startup,Remote,5,10,528000
48,Male,Master's,27,Marketing Manager,Junior,Finance,Hyderabad,Startup,Remote,3,7,1007000
34,Male,Master's,10,Data Analyst,Mid,E-commerce,Chennai,Enterprise,Remote,0,6,930000
51,Male,High School,27,HR Executive,Lead,Finance,Bangalore,Startup,On-site,3,13,1542000
39,Female,Master's,16,Software Engineer,Mid,E-commerce,Chennai,Mid-size,On-site,0,8,957000
36,Male,Bachelor's,14,Data Scientist,Junior,Healthcare,Mumbai,Enterprise,Hybrid,3,14,713000
25,Male,Bachelor's,3,Data Analyst,Senior,Healthcare,Pune,Startup,Remote,1,2,534000
55,Female,Master's,31,Software Engineer,Junior,Healthcare,Chennai,Mid-size,Remote,1,12,1160000
32,Female,Bachelor's,8,Marketing Manager,Mid,EdTech,Bangalore,Enterprise,On-site,4,6,985000
45,Female,Master's,22,HR Executive,Junior,Healthcare,Delhi,Enterprise,Remote,3,3,1160000
41,Male,Master's,17,Software Engineer,Mid,IT,Mumbai,Enterprise,Hybrid,5,5,1452000
56,Female,Bachelor's,33,Sales Executive,Senior,IT,Delhi,Enterprise,Hybrid,2,8,2460000
43,Female,High School,21,HR Executive,Mid,EdTech,Remote,Enterprise,On-site,4,6,762000
36,Female,Bachelor's,14,Data Scientist,Junior,Manufacturing,Chennai,Mid-size,On-site,5,13,617000
34,Male,Master's,13,Marketing Manager,Lead,Finance,Mumbai,Enterprise,Hybrid,1,7,2138000
51,Male,PhD,29,UI/UX Designer,Lead,E-commerce,Pune,Startup,Hybrid,3,3,2728000
25,Female,Master's,1,Business Analyst,Lead,E-commerce,Chennai,Enterprise,On-site,4,4,1193000
55,Male,Bachelor's,33,Business Analyst,Junior,EdTech,Pune,Mid-size,Hybrid,3,8,928000
43,Male,Master's,20,Business Analyst,Mid,IT,Hyderabad,Mid-size,Remote,1,12,1159000
49,Female,Bachelor's,27,Data Analyst,Manager,E-commerce,Delhi,Startup,Remote,4,3,1925000
31,Female,Master's,10,Data Scientist,Senior,IT,Mumbai,Enterprise,Remote,1,13,1547000
38,Male,Bachelor's,16,Marketing Manager,Junior,Manufacturing,Pune,Startup,On-site,0,7,563000
32,Female,Master's,9,HR Executive,Junior,Finance,Bangalore,Enterprise,On-site,1,6,963000
29,Male,Bachelor's,6,Data Analyst,Mid,Manufacturing,Pune,Enterprise,Hybrid,3,11,779000
30,Male,PhD,6,Data Scientist,Lead,EdTech,Bangalore,Startup,Hybrid,2,2,1470000
37,Female,Bachelor's,15,UI/UX Designer,Mid,Healthcare,Chennai,Enterprise,On-site,1,13,935000
27,Male,Master's,4,Sales Executive,Mid,Healthcare,Mumbai,Enterprise,On-site,5,12,959000
33,Male,PhD,12,Marketing Manager,Junior,Healthcare,Pune,Mid-size,Hybrid,2,11,1001000
29,Female,Bachelor's,5,Business Analyst,Senior,Manufacturing,Remote,Mid-size,On-site,0,12,579000
47,Male,PhD,26,Software Engineer,Lead,E-commerce,Pune,Startup,On-site,4,5,2458000
22,Male,Master's,0,Marketing Manager,Mid,Finance,Remote,Startup,On-site,4,12,405000
25,Female,High School,3,DevOps Engineer,Senior,Healthcare,Mumbai,Mid-size,On-site,2,3,548000
49,Female,Bachelor's,27,Data Scientist,Manager,EdTech,Pune,Enterprise,Hybrid,4,5,2834000
57,Female,Master's,33,Product Manager,Junior,EdTech,Bangalore,Startup,Hybrid,1,2,996000
39,Female,High School,16,UI/UX Designer,Mid,Healthcare,Pune,Enterprise,Hybrid,2,3,681000
28,Male,Bachelor's,4,Sales Executive,Mid,Healthcare,Delhi,Mid-size,On-site,3,14,552000
