Gender,exp_band,Job_Level,y_pred,abs_error,residual
Female,Q1,Junior,434460.0,36135.0,-960.0
Female,Q1,Lead,908066.0,2066.0,-2066.0
Female,Q1,Mid,819498.0,150498.0,-150498.0
Female,Q1,Senior,552504.0,14141.0,-3004.0
Female,Q2,Junior,540554.0,69113.0,69113.0
Female,Q2,Mid,1114395.0,93643.0,-43995.0
Female,Q2,Senior,1380936.0,184564.0,184564.0
Female,Q3,Lead,2594209.0,152272.0,-69209.0
Female,Q3,Manager,2145948.0,220948.0,-220948.0
Female,Q3,Mid,904389.0,55903.0,8361.0
Female,Q3,Senior,1896041.0,209150.0,128709.0
Female,Q4,Junior,1255958.0,106144.0,-89208.0
Female,Q4,Lead,2256693.0,103093.0,85307.0
Female,Q4,Manager,2756962.0,612962.0,-612962.0
Female,Q4,Mid,1846105.0,243344.0,-241938.0
Female,Q4,Senior,2206882.0,253118.0,253118.0
Male,Q1,Junior,431801.0,73801.0,-73801.0
Male,Q1,Lead,973118.0,55523.0,-118.0
Male,Q1,Manager,1187587.0,150661.0,-118587.0
Male,Q1,Mid,648750.0,76150.0,-76150.0
Male,Q1,Senior,718352.0,45754.0,37048.0
Male,Q2,Junior,679491.0,102509.0,102509.0
Male,Q2,Lead,1034941.0,111059.0,111059.0
Male,Q2,Manager,1870965.0,189965.0,-189965.0
Male,Q2,Mid,907004.0,73257.0,-27719.0
Male,Q2,Senior,1130469.0,84531.0,84531.0
Male,Q3,Junior,794787.0,52652.0,26880.0
Male,Q3,Manager,4247653.0,131653.0,-131653.0
Male,Q3,Mid,1142758.0,17758.0,-17758.0
Male,Q3,Senior,1373715.0,133785.0,133785.0
Male,Q4,Junior,1164652.0,87681.0,87681.0
Male,Q4,Manager,4406694.0,837694.0,-837694.0
Male,Q4,Mid,1611345.0,103095.0,-103095.0
Male,Q4,Senior,1815965.0,163035.0,163035.0
