feature,importance_mean,importance_std
Work_Mode_Hybrid,-5.820766091346741e-11,1.4493590684128846e-10
Job_Title_DevOps Engineer,-6.984919309616089e-11,1.6627433776256744e-10
City_Pune,-6.984919309616089e-11,1.296346160310791e-10
Industry_Finance,-1.0477378964424134e-10,1.7227894378533521e-10
Company_Size_Mid-size,-1.0477378964424134e-10,1.7227894378533521e-10
Job_Title_Sales Executive,-1.0477378964424134e-10,1.8735272972182236e-10
Industry_Healthcare,-1.1641532182693481e-10,2.0163725218373318e-10
Job_Level,-1.1641532182693481e-10,1.7267182672153374e-10
Company_Size_Startup,-1.280568540096283e-10,1.722789437853352e-10
Work_Mode_On-site,-1.3969838619232177e-10,1.7109488203072765e-10
Job_Title_HR Executive,-1.3969838619232177e-10,2.133928097298294e-10
City_Chennai,-1.5133991837501526e-10,2.1179911446129265e-10
Age_minus_Exp,-1.6298145055770873e-10,1.2963461603107914e-10
Job_Title_Marketing Manager,-1.6298145055770873e-10,1.9618658752125593e-10
Skills_Count,-1.6298145055770873e-10,1.6627433776256744e-10
Exp_x_JobLevel,-1.7462298274040222e-10,1.784613090189627e-10
Job_Title_Data Analyst,-1.7462298274040222e-10,2.193432729856201e-10
Age,-1.9790604710578918e-10,1.3324342600837812e-10
Certifications_Count,-1.9790604710578918e-10,2.1179911446129265e-10
Work_Mode_Remote,-1.9790604710578918e-10,1.8443655592569683e-10
Years_Experience,-2.0954757928848267e-10,1.9340365805938084e-10
City_Delhi,-2.0954757928848267e-10,2.1965198991952007e-10
Skills_per_Cert,-2.2118911147117614e-10,1.7227894378533516e-10
Job_Title_Product Manager,-2.2118911147117614e-10,2.143433391992232e-10
Industry_EdTech,-2.3283064365386963e-10,2.08250058582033e-10
Industry_Manufacturing,-2.444721758365631e-10,1.3725164023404471e-10
Job_Title_Software Engineer,-2.6775524020195005e-10,2.2423174563164616e-10
City_Remote,-2.6775524020195005e-10,2.2423174563164616e-10
Company_Size_Enterprise,-2.6775524020195005e-10,1.522327869970121e-10
Industry_E-commerce,-2.6775524020195005e-10,2.2423174563164616e-10
City_Hyderabad,-2.7939677238464354e-10,2.1591825633066947e-10
Job_Title_UI/UX Designer,-2.7939677238464354e-10,1.1872079953534494e-10
Gender_Male,-2.7939677238464354e-10,1.742344995389665e-10
Gender_Female,-2.7939677238464354e-10,1.742344995389665e-10
City_Bangalore,-2.9103830456733704e-10,2.193432729856201e-10
Job_Title_Data Scientist,-3.0267983675003053e-10,2.2210627827256581e-10
Education_Level,-3.0267983675003053e-10,1.6627433776256744e-10
Industry_IT,-3.2596290111541746e-10,2.133928097298294e-10
Job_Title_Business Analyst,-3.7252902984619143e-10,1.8626451492309571e-10
City_Mumbai,-3.9581209421157836e-10,1.4908435375971834e-10
